Gene,p.value,logFC,GeneSym
HLA-DRB4,0.02174,-2.820185,HLA-DRB4
TNFSF11,0.031110000000000002,-1.082622,TNFSF11
