Gene,Adj.P.Val,logFC
IL26,0.0038,1.03094
IL17A,0.0122,1.01885
