Gene,Adj.P.Val,logFC
POS_E,2.02e-10,-1.116617
IL11,3.99e-06,-1.928522
TNFRSF12A,5.91e-05,-1.238108
IL24,0.00394,-1.656737
IL6,0.0051,-1.019476
IL8,0.0165,-1.1002610000000002
CXCL5,0.0383,-1.24011
